{"v":[[1.3030273155225067,0.1555090871836669,0],[0.1999562099321428,0.628155076438758,0],[0.34216832903558897,-0.5634555178106293,0],[0.615050618163413,0.0734028819372653,0.9795237187654492]],"v0":[[1.3030273155225067,0.1555090871836669,0],[0.1999562099321428,0.628155076438758,0],[0.34216832903558897,-0.5634555178106293,0],[0.615050618163413,0.0734028819372653,0.9795237187654492]],"e":[[0,1],[1,2],[2,0],[0,3],[1,3],[2,3]],"fixedVs":[false,false,false,false],"lMax":[1.7142857142857144,1.7142857142857144,1.7142857142857144,1.7142857142857144,1.7142857142857144,1.7142857142857144],"edgeChannel":[0,0,0,0,0,0],"edgeActive":[true,true,true,true,true,true],"script":[[false],[false],[false],[false],[false]],"maxContraction":[0.3,0.3,0.3,0.3,0.3,0.3],"vStatus":[0,0,0,0],"eStatus":[0,0,0,0,0,0],"fStatus":[],"euler":{"_x":0,"_y":0,"_z":0,"_order":"XYZ"},"numChannels":5,"numActions":1,"inflateChannel":[false,false,false,false,false],"contractionPercent":[1,1,1,1,1]}