{"v":[[1.3775345764347082,0.32934416732097677,0],[0.27442616476054355,0.8020061415572649,0],[0.1935011056171099,-0.9104181964948309,0],[0.7377088455508874,0.35966522112959975,1.0144483119676027]],"v0":[[1.3775345764347082,0.32934416732097677,0],[0.27442616476054355,0.8020061415572649,0],[0.1935011056171099,-0.9104181964948309,0],[0.7377088455508874,0.35966522112959975,1.0144483119676027]],"e":[[0,1],[1,2],[2,0],[0,3],[1,3],[2,3]],"fixedVs":[false,false,false,false],"lMax":[1.7142857142857144,1.7142857142857144,1.7142857142857144,1.7142857142857144,1.7142857142857144,1.7142857142857144],"edgeChannel":[0,0,0,0,0,0],"edgeActive":[true,true,true,true,true,true],"script":[[false],[false],[false],[false],[false]],"maxContraction":[0.3,0,0,0.3,0.3,0],"vStatus":[0,0,0,0],"eStatus":[0,0,0,0,0,0],"fStatus":[],"euler":{"_x":0,"_y":0,"_z":0,"_order":"XYZ"},"numChannels":5,"numActions":1,"inflateChannel":[false,false,false,false,false],"contractionPercent":[1,1,1,1,1]}