{"v":[[1.1173600647069906,0.13335072998710285,0],[0.08492472844999632,0.7441930032901043,0],[0.2576756566043425,-0.7033055464318763,0],[-0.4155439221914054,-0.049592863675949346,0.7469308667665211]],"v0":[[1.1173600647069906,0.13335072998710285,0],[0.08492472844999632,0.7441930032901043,0],[0.2576756566043425,-0.7033055464318763,0],[-0.4155439221914054,-0.049592863675949346,0.7469308667665211]],"e":[[0,1],[1,2],[2,0],[0,3],[1,3],[2,3]],"fixedVs":[false,false,false,false],"lMax":[1.7142857142857144,1.7142857142857144,1.7142857142857144,1.7142857142857144,1.7142857142857144,1.7142857142857144],"edgeChannel":[0,0,0,0,0,0],"edgeActive":[true,true,true,true,true,true],"script":[[false],[false],[false],[false],[false]],"maxContraction":[0.3,0.15,0.3,0,0.3,0.3],"vStatus":[0,0,0,0],"eStatus":[0,0,0,0,0,0],"fStatus":[],"euler":{"_x":0,"_y":0,"_z":0,"_order":"XYZ"},"numChannels":5,"numActions":1,"inflateChannel":[false,false,false,false,false],"contractionPercent":[1,1,1,1,1]}