{"v":[[1.4725116355849646,0.17573610129986042,0],[-0.10327794485715423,0.8509333948662725,0],[0.09987883656889328,-0.8513390595986309,0],[0.48970417576556885,0.05844347885583452,1.3994361640904334]],"v0":[[1.4725116355849646,0.17573610129986042,0],[-0.10327794485715423,0.8509333948662725,0],[0.09987883656889328,-0.8513390595986309,0],[0.48970417576556885,0.05844347885583452,1.3994361640904334]],"e":[[0,1],[1,2],[2,0],[0,3],[1,3],[2,3]],"fixedVs":[false,false,false,false],"lMax":[1.7142857142857144,1.7142857142857144,1.7142857142857144,1.7142857142857144,1.7142857142857144,1.7142857142857144],"edgeChannel":[0,0,0,0,0,0],"edgeActive":[true,true,true,true,true,true],"script":[[true],[false],[false],[false],[false]],"maxContraction":[0.3,0.15,0.3,0,0.3,0.3],"vStatus":[0,0,0,0],"eStatus":[0,0,0,0,0,0],"fStatus":[],"euler":{"_x":0,"_y":0,"_z":0,"_order":"XYZ"},"numChannels":5,"numActions":1,"inflateChannel":[true,false,false,false,false],"contractionPercent":[0,1,1,1,1]}