{"v":[[0.5918492170514881,-0.35993494122923103,0],[-0.03138944754948134,0.6662469495157856,0],[-1.0689034129985442,0.06376559422156954,0],[0.2926686493271084,0.16128360744952572,1.0381235113362013],[1.1218981574049296,0.6643331707934907,0.33053151326423136]],"v0":[[0.5918492170514881,-0.35993494122923103,0],[-0.03138944754948134,0.6662469495157856,0],[-1.0689034129985442,0.06376559422156954,0],[0.2926686493271084,0.16128360744952572,1.0381235113362013],[1.1218981574049296,0.6643331707934907,0.33053151326423136]],"e":[[0,1],[1,2],[2,0],[0,3],[1,3],[2,3],[0,4],[1,4],[3,4]],"fixedVs":[false,false,false,false,false],"lMax":[1.7142857142857144,1.7142857142857144,1.7142857142857144,1.7142857142857144,1.7142857142857144,1.7142857142857144,1.7142857142857144,1.7142857142857144,1.7142857142857144],"edgeChannel":[1,2,0,1,1,0,2,2,2],"edgeActive":[true,true,true,true,true,true,true,true,true],"script":[[true],[false],[false],[false],[false]],"maxContraction":[0.3,0.3,0.3,0.3,0.3,0.3,0.3,0.3,0.3],"vStatus":[0,0,0,0,0],"eStatus":[0,0,0,0,0,0,0,0,0],"fStatus":[0,0,0,0],"euler":{"_x":0,"_y":0,"_z":0,"_order":"XYZ"},"numChannels":5,"numActions":1,"inflateChannel":[true,false,false,false,false],"contractionPercent":[0,1,1,1,1]}