{"v":[[0.6000333513983579,-0.3464294169450379,0],[0,0.6928588339127476,0],[-0.6000333513983579,-0.3464294169450379,0],[0,7.557251195498375e-12,0.9795236204029627]],"v0":[[0.6000333513983579,-0.3464294169450379,0],[0,0.6928588339127476,0],[-0.6000333513983579,-0.3464294169450379,0],[0,7.557251195498375e-12,0.9795236204029627]],"e":[[0,1],[1,2],[2,0],[0,3],[1,3],[2,3]],"fixedVs":[false,false,false,false],"lMax":[1.7142857142857144,1.7142857142857144,1.7142857142857144,1.7142857142857144,1.7142857142857144,1.7142857142857144],"edgeChannel":[0,0,0,1,1,0],"edgeActive":[true,true,true,true,true,true],"script":[[false],[false],[false],[false],[false]],"maxContraction":[0.3,0.3,0.3,0.3,0.3,0.3],"vStatus":[0,0,0,0],"eStatus":[0,0,0,0,0,0],"fStatus":[],"euler":{"_x":0,"_y":0,"_z":0,"_order":"XYZ"},"numChannels":5,"numActions":1,"inflateChannel":[false,false,false,false,false],"contractionPercent":[1,1,1,1,1]}