{"v":[[0.5731890347283339,-0.36215975666487216,0],[-0.027045032136006918,0.6774761435778517,0],[-0.6267213745149154,-0.36183775428308335,0],[-0.025892262143794316,-0.014948904518649305,0.9794470237962345],[0.9740624672668388,0.5623752276840244,0.6509494540947932]],"v0":[[0.5731890347283339,-0.36215975666487216,0],[-0.027045032136006918,0.6774761435778517,0],[-0.6267213745149154,-0.36183775428308335,0],[-0.025892262143794316,-0.014948904518649305,0.9794470237962345],[0.9740624672668388,0.5623752276840244,0.6509494540947932]],"e":[[0,1],[1,2],[2,0],[0,3],[1,3],[2,3],[0,4],[1,4],[3,4]],"fixedVs":[false,false,false,false,false],"lMax":[1.7142857142857144,1.7142857142857144,1.7142857142857144,1.7142857142857144,1.7142857142857144,1.7142857142857144,1.7142857142857144,1.7142857142857144,1.7142857142857144],"edgeChannel":[1,2,0,1,1,0,2,2,2],"edgeActive":[true,true,true,true,true,true,true,true,true],"script":[[false],[false],[false],[false],[false]],"maxContraction":[0.3,0.3,0.3,0.3,0.3,0.3,0.3,0.3,0.3],"vStatus":[0,0,0,0,0],"eStatus":[0,0,0,0,0,0,0,0,0],"fStatus":[0,0,0,0],"euler":{"_x":0,"_y":0,"_z":0,"_order":"XYZ"},"numChannels":5,"numActions":1,"inflateChannel":[false,false,false,false,false],"contractionPercent":[1,1,1,1,1]}