{"v":[[0.6811450383267786,-0.598523356597755,0],[-0.18101705439558707,0.8837009686320622,0],[-0.9411882745715483,-0.044782140604000716,0],[-0.02567925184405705,-0.017729948571911965,1.4492436713339882],[0.7311619801941519,0.4224280107619446,0.6281268385875107]],"v0":[[0.6811450383267786,-0.598523356597755,0],[-0.18101705439558707,0.8837009686320622,0],[-0.9411882745715483,-0.044782140604000716,0],[-0.02567925184405705,-0.017729948571911965,1.4492436713339882],[0.7311619801941519,0.4224280107619446,0.6281268385875107]],"e":[[0,1],[1,2],[2,0],[0,3],[1,3],[2,3],[0,4],[1,4],[3,4]],"fixedVs":[false,false,false,false,false],"lMax":[1.7142857142857144,1.7142857142857144,1.7142857142857144,1.7142857142857144,1.7142857142857144,1.7142857142857144,1.7142857142857144,1.7142857142857144,1.7142857142857144],"edgeChannel":[1,2,0,1,1,0,2,2,2],"edgeActive":[true,true,true,true,true,true,true,true,true],"script":[[true],[true],[false],[false],[false]],"maxContraction":[0.3,0.3,0.3,0.3,0.3,0.3,0.3,0.3,0.3],"vStatus":[0,0,0,0,0],"eStatus":[0,0,0,0,0,0,0,0,0],"fStatus":[0,0,0,0],"euler":{"_x":0,"_y":0,"_z":0,"_order":"XYZ"},"numChannels":5,"numActions":1,"inflateChannel":[true,true,false,false,false],"contractionPercent":[0,0,1,1,1]}