{"v":[[0.5133075037257214,-0.383797681725007,0],[-0.02231360318524264,0.6905550401221587,0],[-0.6843434504172079,-0.3101954660601152,0],[-0.063450676766473,-0.0006478955964968412,0.979447002445501],[0.969895738287905,0.5145294193041479,0.6509494480551496]],"v0":[[0.5133075037257214,-0.383797681725007,0],[-0.02231360318524264,0.6905550401221587,0],[-0.6843434504172079,-0.3101954660601152,0],[-0.063450676766473,-0.0006478955964968412,0.979447002445501],[0.969895738287905,0.5145294193041479,0.6509494480551496]],"e":[[0,1],[1,2],[2,0],[0,3],[1,3],[2,3],[0,4],[1,4],[3,4]],"fixedVs":[false,false,false,false,false],"lMax":[1.7142857142857144,1.7142857142857144,1.7142857142857144,1.7142857142857144,1.7142857142857144,1.7142857142857144,1.7142857142857144,1.7142857142857144,1.7142857142857144],"edgeChannel":[1,2,0,1,1,0,2,2,2],"edgeActive":[true,true,true,true,true,true,true,true,true],"script":[[false],[false],[false],[false],[false]],"maxContraction":[0.3,0.3,0.3,0.3,0.3,0.3,0.3,0.3,0.3],"vStatus":[0,0,0,0,0],"eStatus":[0,0,0,0,0,0,0,0,0],"fStatus":[0,0,0,0],"euler":{"_x":0,"_y":0,"_z":0,"_order":"XYZ"},"numChannels":5,"numActions":1,"inflateChannel":[false,false,false,false,false],"contractionPercent":[1,1,1,1,1]}