{"v":[[0.7479642528561041,-0.5580524852630707,0],[-0.10930550246134912,0.9267822867388941,0],[-0.966317943963864,-0.5579039250627539,0],[0.32828551670655837,0.18953573144913757,0.8391276773892626]],"v0":[[0.7479642528561041,-0.5580524852630707,0],[-0.10930550246134912,0.9267822867388941,0],[-0.966317943963864,-0.5579039250627539,0],[0.32828551670655837,0.18953573144913757,0.8391276773892626]],"e":[[0,1],[1,2],[2,0],[0,3],[1,3],[2,3]],"fixedVs":[false,false,false,false],"lMax":[1.7142857142857144,1.7142857142857144,1.7142857142857144,1.7142857142857144,1.7142857142857144,1.7142857142857144],"edgeChannel":[0,0,0,1,1,0],"edgeActive":[true,true,true,true,true,true],"script":[[true],[false],[false],[false],[false]],"maxContraction":[0.3,0.3,0.3,0.3,0.3,0.3],"vStatus":[0,0,0,0],"eStatus":[0,0,0,0,0,0],"fStatus":[],"euler":{"_x":0,"_y":0,"_z":0,"_order":"XYZ"},"numChannels":5,"numActions":1,"inflateChannel":[true,false,false,false,false],"contractionPercent":[0,1,1,1,1]}