{"v":[[0.5520960047704733,-0.36186805971185737,0],[-0.01611432452803692,0.6957021348675893,0],[-1.1462687431985523,-0.5929350343418227,0],[0.07189581975615096,0.06155928764643779,1.0142356240654686],[1.5522777185733936,0.8569374956612716,0.6718923957148474]],"v0":[[0.5520960047704733,-0.36186805971185737,0],[-0.01611432452803692,0.6957021348675893,0],[-1.1462687431985523,-0.5929350343418227,0],[0.07189581975615096,0.06155928764643779,1.0142356240654686],[1.5522777185733936,0.8569374956612716,0.6718923957148474]],"e":[[0,1],[1,2],[2,0],[0,3],[1,3],[2,3],[0,4],[1,4],[3,4]],"fixedVs":[false,false,false,false,false],"lMax":[1.7142857142857144,1.7142857142857144,1.7142857142857144,1.7142857142857144,1.7142857142857144,1.7142857142857144,1.7142857142857144,1.7142857142857144,1.7142857142857144],"edgeChannel":[1,2,0,1,1,0,2,2,2],"edgeActive":[true,true,true,true,true,true,true,true,true],"script":[[true],[false],[true],[false],[false]],"maxContraction":[0.3,0.3,0.3,0.3,0.3,0.3,0.3,0.3,0.3],"vStatus":[0,0,0,0,0],"eStatus":[0,0,0,0,0,0,0,0,0],"fStatus":[0,0,0,0],"euler":{"_x":0,"_y":0,"_z":0,"_order":"XYZ"},"numChannels":5,"numActions":1,"inflateChannel":[true,false,true,false,false],"contractionPercent":[0,1,0,1,1]}